CREATE SCHEMA student;
CREATE TABLE student.students (_id VARCHAR(255) PRIMARY KEY, age FLOAT, name VARCHAR(255), subject VARCHAR(255));
INSERT INTO student.students (_id, age, name, subject) VALUES ('64798c213f273a7ca2cf516a', 25, 'Nathan Lindgren', 'Maths');
INSERT INTO student.students (_id, age, name, subject) VALUES ('64798c213f273a7ca2cf516b', 18, 'Meggie Hoppe', 'English');
CREATE SCHEMA employee;
CREATE TABLE employee.employees (_id VARCHAR(255) PRIMARY KEY, age FLOAT, name VARCHAR(255), position VARCHAR(255), salary FLOAT);
CREATE TABLE employee.employees_phone (_id VARCHAR(255) PRIMARY KEY, employees__id VARCHAR(255), personal VARCHAR(255), work VARCHAR(255));
INSERT INTO employee.employees_phone (_id, employees__id, personal, work) VALUES ('1ba1d49d-4998-446d-ad14-e73a459d4a7c', '64798c213f273a7ca2cf516c', '8764255212', '2762135091');
CREATE TABLE employee.employees_address (_id VARCHAR(255) PRIMARY KEY, employees__id VARCHAR(255), line1 VARCHAR(255), zip VARCHAR(255));
INSERT INTO employee.employees_address (_id, employees__id, line1, zip) VALUES ('22a2cd34-77fa-4a72-afc8-69c6a254a386', '64798c213f273a7ca2cf516c', '32550 Port Gatewaytown', '18399');
INSERT INTO employee.employees_address (_id, employees__id, line1, zip) VALUES ('c33493f3-aeb3-4ed1-8e0c-d141a8da67c2', '64798c213f273a7ca2cf516c', '3840 Cornermouth', '83941');
INSERT INTO employee.employees (_id, age, name, position, salary) VALUES ('64798c213f273a7ca2cf516c', 35, 'Raymond Monahan', 'Engineer', 3767.925635);
DELETE FROM student.students WHERE _id = '64798c213f273a7ca2cf516a';
INSERT INTO student.students (_id, age, name, subject) VALUES ('64798c213f273a7ca2cf516d', 19, 'Tevin Heathcote', 'English');
INSERT INTO employee.employees_phone (_id, employees__id, personal, work) VALUES ('6ef9a9fe-b11e-4198-9895-d09b2951cba4', '64798c213f273a7ca2cf516e', '7678456640', '8130097989');
INSERT INTO employee.employees_address (_id, employees__id, line1, zip) VALUES ('84e6351b-f40d-402f-964a-94378e8a176b', '64798c213f273a7ca2cf516e', '481 Harborsburgh', '89799');
INSERT INTO employee.employees_address (_id, employees__id, line1, zip) VALUES ('8fa50f66-3458-436e-b192-474990c333a6', '64798c213f273a7ca2cf516e', '329 Flatside', '80872');
INSERT INTO employee.employees (_id, age, name, position, salary) VALUES ('64798c213f273a7ca2cf516e', 37, 'Wilson Gleason', 'Manager', 5042.121824);
INSERT INTO employee.employees_phone (_id, employees__id, personal, work) VALUES ('ce515622-61ac-4220-a468-c50951093134', '64798c213f273a7ca2cf516f', '1075027422', '1641587035');
INSERT INTO employee.employees_address (_id, employees__id, line1, zip) VALUES ('04ecd3d4-ce73-49ea-b5e2-d4dadec143b9', '64798c213f273a7ca2cf516f', '96400 Landhaven', '41638');
INSERT INTO employee.employees_address (_id, employees__id, line1, zip) VALUES ('da9af673-a654-4b5d-9656-b65fa1695b44', '64798c213f273a7ca2cf516f', '3939 Lightburgh', '99747');
INSERT INTO employee.employees (_id, age, name, position, salary) VALUES ('64798c213f273a7ca2cf516f', 31, 'Linwood Wilkinson', 'Manager', 4514.763474);
INSERT INTO student.students (_id, age, name, subject) VALUES ('64798c213f273a7ca2cf5170', 18, 'Camren Thompson', 'Science');
INSERT INTO employee.employees_phone (_id, employees__id, personal, work) VALUES ('7911a0ad-a588-44fc-891c-a8b48237ee3d', '64798c213f273a7ca2cf5171', '4613562303', '1889316722');
INSERT INTO employee.employees_address (_id, employees__id, line1, zip) VALUES ('4f8df6c3-5e29-4264-aded-dcd34c6fb008', '64798c213f273a7ca2cf5171', '51338 Landingbury', '74795');
INSERT INTO employee.employees_address (_id, employees__id, line1, zip) VALUES ('228978ca-437c-4bb2-9201-6fb8c73dd640', '64798c213f273a7ca2cf5171', '79033 West Locksmouth', '43555');
INSERT INTO employee.employees (_id, age, name, position, salary) VALUES ('64798c213f273a7ca2cf5171', 31, 'Meaghan Hettinger', 'Engineer', 6676.956104);
UPDATE employee.employees SET Age = 23 WHERE _id = '64798c213f273a7ca2cf5171';
ALTER TABLE employee.employees ADD workhours FLOAT;
INSERT INTO employee.employees_phone (_id, employees__id, personal, work) VALUES ('4de639f5-0a30-4d59-8f6c-962680efbe2d', '64798c213f273a7ca2cf5172', '9829848796', '5636590993');
INSERT INTO employee.employees_address (_id, employees__id, line1, zip) VALUES ('f72c8550-1fd5-47af-8639-6966eb988965', '64798c213f273a7ca2cf5172', '2787 Trackview', '23598');
INSERT INTO employee.employees_address (_id, employees__id, line1, zip) VALUES ('646dc5ee-6a7d-4c7a-b801-998d80148db9', '64798c213f273a7ca2cf5172', '33659 South Mountainchester', '45086');
INSERT INTO employee.employees (_id, age, name, position, salary, workhours) VALUES ('64798c213f273a7ca2cf5172', 20, 'Delta Bahringer', 'Developer', 2980.127110, 6);
ALTER TABLE student.students ADD is_graduated BOOLEAN;
INSERT INTO student.students (_id, age, is_graduated, name, subject) VALUES ('64798c213f273a7ca2cf5173', 20, false, 'Freda Dare', 'Maths');
INSERT INTO student.students (_id, age, is_graduated, name, subject) VALUES ('64798c213f273a7ca2cf5174', 23, true, 'Kamille Jast', 'Maths');
INSERT INTO student.students (_id, age, is_graduated, name, subject) VALUES ('64798c213f273a7ca2cf5175', 19, false, 'Arden Kessler', 'Social Studies');
INSERT INTO employee.employees_phone (_id, employees__id, personal, work) VALUES ('3dc63fbe-8cee-4af8-adab-fd748b1c3bb5', '64798c213f273a7ca2cf5176', '1748534264', '2515301788');
INSERT INTO employee.employees_address (_id, employees__id, line1, zip) VALUES ('43a39689-aff1-4028-add8-0f15e3032f76', '64798c213f273a7ca2cf5176', '403 Walksfurt', '75756');
INSERT INTO employee.employees_address (_id, employees__id, line1, zip) VALUES ('d1cc6c0b-a4dc-4241-9053-157902aade1c', '64798c213f273a7ca2cf5176', '5012 Port Branchberg', '21969');
INSERT INTO employee.employees (_id, age, name, position, salary, workhours) VALUES ('64798c213f273a7ca2cf5176', 29, 'Chyna Kihn', 'Salesman', 6322.655858, 4);
INSERT INTO employee.employees_phone (_id, employees__id, personal, work) VALUES ('5e6d065a-e616-43f8-9af5-fc43f3e2303a', '64798c213f273a7ca2cf5177', '1498807115', '9172896730');
INSERT INTO employee.employees_address (_id, employees__id, line1, zip) VALUES ('24fa5b9b-2f91-4519-bb1d-6d142423a0ca', '64798c213f273a7ca2cf5177', '73628 Port Knollchester', '97436');
INSERT INTO employee.employees_address (_id, employees__id, line1, zip) VALUES ('86e4261a-21d5-46b4-bf58-d2d1a3ee06eb', '64798c213f273a7ca2cf5177', '93072 Lake Skywayhaven', '87218');
INSERT INTO employee.employees (_id, age, name, position, salary, workhours) VALUES ('64798c213f273a7ca2cf5177', 38, 'Madie Klein', 'Engineer', 9811.365188, 5);
